{
    "Design Information": {
        "design_name": "gcd",
        "design_version": "5.8",
        "eda_tool": "iEDA",
        "eda_version": "V23.03-OS-01",
        "flow_memory": "5311.916000 MB",
        "flow_runtime": "6.808225 s",
        "flow_stage": "iNO - FixFanout"
    },
    "Design Layout": {
        "core_area": 1926.9599999999998,
        "core_bounding_height": 43.4,
        "core_bounding_width": 44.4,
        "core_usage": 0.41464275121688843,
        "design_dbu": 1000,
        "die_area": 4155.220521,
        "die_bounding_height": 64.461,
        "die_bounding_width": 64.461,
        "die_usage": 0.19228823482990265
    },
    "Design Statis": {
        "num_instances": 621,
        "num_iopins": 58,
        "num_layers": 20,
        "num_layers_cut": 7,
        "num_layers_routing": 7,
        "num_nets": 363,
        "num_pdn": 4
    },
    "Instances": {
        "clock": {
            "area": 209.44,
            "area_ratio": 0.2174870197300104,
            "core_usage": 0.1086893344957861,
            "die_usage": 0.0504040637413862,
            "num": 34,
            "num_ratio": 0.05475040257648953,
            "pin_num": 102,
            "pin_ratio": 0.08557046979865772
        },
        "iopads": {
            "area": 0.0,
            "area_ratio": 0.0,
            "core_usage": 0.0,
            "die_usage": 0.0,
            "num": 0,
            "num_ratio": 0.0,
            "pin_num": 0,
            "pin_ratio": 0.0
        },
        "logic": {
            "area": 799.12,
            "area_ratio": 0.8298234683281412,
            "core_usage": 0.4147050276082534,
            "die_usage": 0.19231710951593078,
            "num": 327,
            "num_ratio": 0.5265700483091788,
            "pin_num": 1192,
            "pin_ratio": 1.0
        },
        "macros": {
            "area": 0.0,
            "area_ratio": 0.0,
            "core_usage": 0.0,
            "die_usage": 0.0,
            "num": 0,
            "num_ratio": 0.0,
            "pin_num": 0,
            "pin_ratio": 0.0
        },
        "total": {
            "area": 963.0,
            "area_ratio": 1.0,
            "core_usage": 0.49975090297670943,
            "die_usage": 0.23175665289798947,
            "num": 621,
            "num_ratio": 1.0,
            "pin_num": 1192,
            "pin_ratio": 1.0
        }
    },
    "Layers": {
        "cut_layers": [
            {
                "layer_name": "VIA1",
                "layer_order": 8,
                "via_num": 0,
                "via_ratio": 0.0
            },
            {
                "layer_name": "VIA2",
                "layer_order": 10,
                "via_num": 0,
                "via_ratio": 0.0
            },
            {
                "layer_name": "VIA3",
                "layer_order": 12,
                "via_num": 0,
                "via_ratio": 0.0
            },
            {
                "layer_name": "VIA4",
                "layer_order": 14,
                "via_num": 18,
                "via_ratio": 1.0
            },
            {
                "layer_name": "T4V2",
                "layer_order": 16,
                "via_num": 0,
                "via_ratio": 0.0
            },
            {
                "layer_name": "RV",
                "layer_order": 18,
                "via_num": 0,
                "via_ratio": 0.0
            }
        ],
        "num_layers": 20,
        "num_layers_cut": 7,
        "num_layers_routing": 7,
        "routing_layers": [
            {
                "layer_name": "MET1",
                "layer_order": 7,
                "patch_num": 0,
                "wire_len": 0.0,
                "wire_num": 0,
                "wire_ratio": 0.0
            },
            {
                "layer_name": "MET2",
                "layer_order": 9,
                "patch_num": 0,
                "wire_len": 0.0,
                "wire_num": 0,
                "wire_ratio": 0.0
            },
            {
                "layer_name": "MET3",
                "layer_order": 11,
                "patch_num": 0,
                "wire_len": 0.0,
                "wire_num": 0,
                "wire_ratio": 0.0
            },
            {
                "layer_name": "MET4",
                "layer_order": 13,
                "patch_num": 0,
                "wire_len": 0.0,
                "wire_num": 0,
                "wire_ratio": 0.0
            },
            {
                "layer_name": "MET5",
                "layer_order": 15,
                "patch_num": 0,
                "wire_len": 0.0,
                "wire_num": 0,
                "wire_ratio": 0.0
            },
            {
                "layer_name": "T4M2",
                "layer_order": 17,
                "patch_num": 0,
                "wire_len": 0.0,
                "wire_num": 0,
                "wire_ratio": 0.0
            },
            {
                "layer_name": "RDL",
                "layer_order": 19,
                "patch_num": 0,
                "wire_len": 0.0,
                "wire_num": 0,
                "wire_ratio": 0.0
            }
        ]
    },
    "Macros": null,
    "Macros Statis": null,
    "Nets": {
        "num_clock": 1,
        "num_patch": 0,
        "num_pins": 1246,
        "num_segment": 0,
        "num_signal": 362,
        "num_total": 363,
        "num_via": 0,
        "num_wire": 0,
        "ratio_clock": null,
        "ratio_signal": null,
        "wire_len": 0.0,
        "wire_len_clock": 0.0,
        "wire_len_signal": 0.0
    },
    "Pins": {
        "max_fanout": 32,
        "pin_distribution": [
            {
                "inst_num": 294,
                "inst_ratio": 0.47342995169082125,
                "net_num": 0,
                "net_ratio": 0.0,
                "pin_num": 0
            },
            {
                "inst_num": 0,
                "inst_ratio": 0.0,
                "net_num": 0,
                "net_ratio": 0.0,
                "pin_num": 1
            },
            {
                "inst_num": 32,
                "inst_ratio": 0.05152979066022544,
                "net_num": 216,
                "net_ratio": 0.5950413223140496,
                "pin_num": 2
            },
            {
                "inst_num": 134,
                "inst_ratio": 0.21578099838969403,
                "net_num": 52,
                "net_ratio": 0.14325068870523416,
                "pin_num": 3
            },
            {
                "inst_num": 82,
                "inst_ratio": 0.1320450885668277,
                "net_num": 20,
                "net_ratio": 0.05509641873278237,
                "pin_num": 4
            },
            {
                "inst_num": 76,
                "inst_ratio": 0.12238325281803543,
                "net_num": 22,
                "net_ratio": 0.06060606060606061,
                "pin_num": 5
            },
            {
                "inst_num": 3,
                "inst_ratio": 0.004830917874396135,
                "net_num": 17,
                "net_ratio": 0.046831955922865015,
                "pin_num": 6
            },
            {
                "inst_num": 0,
                "inst_ratio": 0.0,
                "net_num": 12,
                "net_ratio": 0.03305785123966942,
                "pin_num": 7
            },
            {
                "inst_num": 0,
                "inst_ratio": 0.0,
                "net_num": 10,
                "net_ratio": 0.027548209366391185,
                "pin_num": 8
            },
            {
                "inst_num": 0,
                "inst_ratio": 0.0,
                "net_num": 2,
                "net_ratio": 0.005509641873278237,
                "pin_num": 9
            },
            {
                "inst_num": 0,
                "inst_ratio": 0.0,
                "net_num": 2,
                "net_ratio": 0.005509641873278237,