{
    "place": {
        "bin_number": 16384,
        "bin_size_x": 1388,
        "bin_size_y": 1357,
        "dplace": {
            "HPWL": 4004799,
            "STWL": 4526746,
            "place_density": 0.0
        },
        "fix_inst_cnt": 294,
        "gplace": {
            "HPWL": 3823524,
            "STWL": 4335789,
            "place_density": 0.7984638810157776
        },
        "instance_cnt": 621,
        "net_cnt": 363,
        "overflow": 0.09929732978343964,
        "overflow_number": 477,
        "total_pins": 1246
    }
}