{
    "Design Information": {
        "design_name": "gcd",
        "design_version": "5.8",
        "eda_tool": "iEDA",
        "eda_version": "V23.03-OS-01",
        "flow_memory": "6942.248000 MB",
        "flow_runtime": "9.905479 s",
        "flow_stage": "iPL - Placement"
    },
    "Design Layout": {
        "core_area": 1926.9599999999998,
        "core_bounding_height": 43.4,
        "core_bounding_width": 44.4,
        "core_usage": 0.41931331157684326,
        "design_dbu": 1000,
        "die_area": 4155.220521,
        "die_bounding_height": 64.461,
        "die_bounding_width": 64.461,
        "die_usage": 0.19445417821407318
    },
    "Design Statis": {
        "num_instances": 623,
        "num_iopins": 58,
        "num_layers": 20,
        "num_layers_cut": 7,
        "num_layers_routing": 7,
        "num_nets": 365,
        "num_pdn": 4
    },
    "Instances": {
        "clock": {
            "area": 218.4,
            "area_ratio": 0.22469135802469137,
            "core_usage": 0.11333914559721012,
            "die_usage": 0.0525603873239054,
            "num": 36,
            "num_ratio": 0.05778491171749599,
            "pin_num": 106,
            "pin_ratio": 0.08862876254180602
        },
        "iopads": {
            "area": 0.0,
            "area_ratio": 0.0,
            "core_usage": 0.0,
            "die_usage": 0.0,
            "num": 0,
            "num_ratio": 0.0,
            "pin_num": 0,
            "pin_ratio": 0.0
        },
        "logic": {
            "area": 808.08,
            "area_ratio": 0.8313580246913581,
            "core_usage": 0.41935483870967744,
            "die_usage": 0.19447343309845,
            "num": 329,
            "num_ratio": 0.5280898876404494,
            "pin_num": 1196,
            "pin_ratio": 1.0
        },
        "macros": {
            "area": 0.0,
            "area_ratio": 0.0,
            "core_usage": 0.0,
            "die_usage": 0.0,
            "num": 0,
            "num_ratio": 0.0,
            "pin_num": 0,
            "pin_ratio": 0.0
        },
        "total": {
            "area": 972.0,
            "area_ratio": 1.0,
            "core_usage": 0.5044214721634076,
            "die_usage": 0.23392260292507347,
            "num": 623,
            "num_ratio": 1.0,
            "pin_num": 1196,
            "pin_ratio": 1.0
        }
    },
    "Layers": {
        "cut_layers": [
            {
                "layer_name": "VIA1",
                "layer_order": 8,
                "via_num": 0,
                "via_ratio": 0.0
            },
            {
                "layer_name": "VIA2",
                "layer_order": 10,
                "via_num": 0,
                "via_ratio": 0.0
            },
            {
                "layer_name": "VIA3",
                "layer_order": 12,
                "via_num": 0,
                "via_ratio": 0.0
            },
            {
                "layer_name": "VIA4",
                "layer_order": 14,
                "via_num": 18,
                "via_ratio": 1.0
            },
            {
                "layer_name": "T4V2",
                "layer_order": 16,
                "via_num": 0,
                "via_ratio": 0.0
            },
            {
                "layer_name": "RV",
                "layer_order": 18,
                "via_num": 0,
                "via_ratio": 0.0
            }
        ],
        "num_layers": 20,
        "num_layers_cut": 7,
        "num_layers_routing": 7,
        "routing_layers": [
            {
                "layer_name": "MET1",
                "layer_order": 7,
                "patch_num": 0,
                "wire_len": 0.0,
                "wire_num": 0,
                "wire_ratio": 0.0
            },
            {
                "layer_name": "MET2",
                "layer_order": 9,
                "patch_num": 0,
                "wire_len": 0.0,
                "wire_num": 0,
                "wire_ratio": 0.0
            },
            {
                "layer_name": "MET3",
                "layer_order": 11,
                "patch_num": 0,
                "wire_len": 0.0,
                "wire_num": 0,
                "wire_ratio": 0.0
            },
            {
                "layer_name": "MET4",
                "layer_order": 13,
                "patch_num": 0,
                "wire_len": 0.0,
                "wire_num": 0,
                "wire_ratio": 0.0
            },
            {
                "layer_name": "MET5",
                "layer_order": 15,
                "patch_num": 0,
                "wire_len": 0.0,
                "wire_num": 0,
                "wire_ratio": 0.0
            },
            {
                "layer_name": "T4M2",
                "layer_order": 17,
                "patch_num": 0,
                "wire_len": 0.0,
                "wire_num": 0,
                "wire_ratio": 0.0
            },
            {
                "layer_name": "RDL",
                "layer_order": 19,
                "patch_num": 0,
                "wire_len": 0.0,
                "wire_num": 0,
                "wire_ratio": 0.0
            }
        ]
    },
    "Macros": null,
    "Macros Statis": null,
    "Nets": {
        "num_clock": 3,
        "num_patch": 0,
        "num_pins": 1250,
        "num_segment": 0,
        "num_signal": 362,
        "num_total": 365,
        "num_via": 0,
        "num_wire": 0,
        "ratio_clock": null,
        "ratio_signal": null,
        "wire_len": 0.0,
        "wire_len_clock": 0.0,
        "wire_len_signal": 0.0
    },
    "Pins": {
        "max_fanout": 32,
        "pin_distribution": [
            {
                "inst_num": 294,
                "inst_ratio": 0.47191011235955055,
                "net_num": 0,
                "net_ratio": 0.0,
                "pin_num": 0
            },
            {
                "inst_num": 0,
                "inst_ratio": 0.0,
                "net_num": 0,
                "net_ratio": 0.0,
                "pin_num": 1
            },
            {
                "inst_num": 34,
                "inst_ratio": 0.05457463884430177,
                "net_num": 216,
                "net_ratio": 0.5917808219178082,
                "pin_num": 2
            },
            {
                "inst_num": 134,
                "inst_ratio": 0.21508828250401285,
                "net_num": 53,
                "net_ratio": 0.14520547945205478,
                "pin_num": 3
            },
            {
                "inst_num": 82,
                "inst_ratio": 0.13162118780096307,
                "net_num": 20,
                "net_ratio": 0.0547945205479452,
                "pin_num": 4
            },
            {
                "inst_num": 76,
                "inst_ratio": 0.12199036918138041,
                "net_num": 22,
                "net_ratio": 0.06027397260273973,
                "pin_num": 5
            },
            {
                "inst_num": 3,
                "inst_ratio": 0.004815409309791332,
                "net_num": 17,
                "net_ratio": 0.04657534246575343,
                "pin_num": 6
            },
            {
                "inst_num": 0,
                "inst_ratio": 0.0,
                "net_num": 12,
                "net_ratio": 0.03287671232876712,
                "pin_num": 7
            },
            {
                "inst_num": 0,
                "inst_ratio": 0.0,
                "net_num": 10,
                "net_ratio": 0.0273972602739726,
                "pin_num": 8
            },
            {
                "inst_num": 0,
                "inst_ratio": 0.0,
                "net_num": 2,
                "net_ratio": 0.005479452054794521,
                "pin_num": 9
            },
            {
                "inst_num": 0,
                "inst_ratio": 0.0,
                "net_num": 2,
                "net_ratio": 0.005479452054794521,