{
    "route": {
        "DR": [
            {
                "cut_via_num_map": {
                    "0": 0,
                    "1": 2,
                    "2": 1094,
                    "3": 611,
                    "4": 78,
                    "5": 0,
                    "6": 0
                },
                "iter": 1,
                "routing_patch_num_map": {
                    "0": 0,
                    "1": 2,
                    "2": 195,
                    "3": 18,
                    "4": 0,
                    "5": 0,
                    "6": 0
                },
                "routing_violation_num_map": {
                    "0": 2,
                    "1": 5,
                    "2": 7,
                    "3": 3,
                    "4": 0,
                    "5": 0,
                    "6": 0
                },
                "routing_wire_length_map": {
                    "0": 0.4,
                    "1": 987.2520000000061,
                    "2": 2116.323000000001,
                    "3": 1596.8319999999999,
                    "4": 331.525,
                    "5": 0.0,
                    "6": 0.0
                },
                "total_patch_num": 215,
                "total_via_num": 1785,
                "total_violation_num": 17,
                "total_wire_length": 5032.331999999976
            },
            {
                "cut_via_num_map": {
                    "0": 0,
                    "1": 2,
                    "2": 1088,
                    "3": 603,
                    "4": 78,
                    "5": 0,
                    "6": 0
                },
                "iter": 2,
                "routing_patch_num_map": {
                    "0": 0,
                    "1": 1,
                    "2": 190,
                    "3": 18,
                    "4": 0,
                    "5": 0,
                    "6": 0
                },
                "routing_violation_num_map": {
                    "0": 0,
                    "1": 0,
                    "2": 0,
                    "3": 0,
                    "4": 0,
                    "5": 0,
                    "6": 0
                },
                "routing_wire_length_map": {
                    "0": 0.4,
                    "1": 982.802000000006,
                    "2": 2116.7880000000005,
                    "3": 1596.757,
                    "4": 331.525,
                    "5": 0.0,
                    "6": 0.0
                },
                "total_patch_num": 209,
                "total_via_num": 1771,
                "total_violation_num": 0,
                "total_wire_length": 5028.271999999976
            },
            {
                "cut_via_num_map": {
                    "0": 0,
                    "1": 2,
                    "2": 1088,
                    "3": 603,
                    "4": 78,
                    "5": 0,
                    "6": 0
                },
                "iter": 3,
                "routing_patch_num_map": {
                    "0": 0,
                    "1": 1,
                    "2": 190,
                    "3": 18,
                    "4": 0,
                    "5": 0,
                    "6": 0
                },
                "routing_violation_num_map": {
                    "0": 0,
                    "1": 0,
                    "2": 0,
                    "3": 0,
                    "4": 0,
                    "5": 0,
                    "6": 0
                },
                "routing_wire_length_map": {
                    "0": 0.4,
                    "1": 982.802000000006,
                    "2": 2116.788,
                    "3": 1596.757,
                    "4": 331.52500000000003,
                    "5": 0.0,
                    "6": 0.0
                },
                "total_patch_num": 209,
                "total_via_num": 1771,
                "total_violation_num": 0,
                "total_wire_length": 5028.271999999977
            }
        ],
        "LA": {
            "cut_via_num_map": {
                "0": 0,
                "1": 0,
                "2": 1049,
                "3": 845,
                "4": 255,
                "5": 0,
                "6": 0
            },
            "routing_demand_map": {
                "0": 0.0,
                "1": 678.0,
                "2": 3450.0,
                "3": 5655.0,
                "4": 2648.0,
                "5": 0.0,
                "6": 0.0
            },
            "routing_overflow_map": {
                "0": 0.0,
                "1": 4.0,
                "2": 2.0,
                "3": 9.0,
                "4": 0.0,
                "5": 0.0,
                "6": 0.0
            },
            "routing_wire_length_map": {
                "0": 0.0,
                "1": 382.2,
                "2": 1704.9499999999998,
                "3": 1978.0700000000033,
                "4": 926.7999999999996,
                "5": 0.0,
                "6": 0.0
            },
            "total_demand": 12431.0,
            "total_overflow": 15.0,
            "total_via_num": 2149,
            "total_wire_length": 4992.020000000015
        },
        "PA": [
            {
                "cut_via_num_map": {
                    "0": 0,
                    "1": 0,
                    "2": 1196,
                    "3": 0,
                    "4": 0,
                    "5": 0,
                    "6": 0
                },
                "iter": 1,
                "routing_patch_num_map": {
                    "0": 0,
                    "1": 0,
                    "2": 1189,
                    "3": 0,
                    "4": 0,
                    "5": 0,
                    "6": 0
                },
                "routing_violation_num_map": {
                    "0": 0,
                    "1": 0,
                    "2": 0,
                    "3": 0,
                    "4": 0,
                    "5": 0,
                    "6": 0
                },
                "routing_wire_length_map": {
                    "0": 0.0,
                    "1": 44.44600000000007,
                    "2": 123.78399999999807,
                    "3": 9.737,
                    "4": 0.0,
                    "5": 0.0,
                    "6": 0.0
                },
                "total_patch_num": 1189,
                "total_via_num": 1196,
                "total_violation_num": 0,
                "total_wire_length": 177.96699999999691
            },
            {
                "cut_via_num_map": {
                    "0": 0,
                    "1": 0,
                    "2": 1196,
                    "3": 0,
                    "4": 0,
                    "5": 0,
                    "6": 0
                },
                "iter": 2,
                "routing_patch_num_map": {
                    "0": 0,
                    "1": 0,
                    "2": 1189,
                    "3": 0,
                    "4": 0,
                    "5": 0,
                    "6": 0
                },
                "routing_violation_num_map": {
                    "0": 0,
                    "1": 0,
                    "2": 0,
                    "3": 0,
                    "4": 0,
                    "5": 0,
                    "6": 0
                },
                "routing_wire_length_map": {
                    "0": 0.0,
                    "1": 44.44600000000007,
                    "2": 123.78399999999807,
                    "3": 9.737,
                    "4": 0.0,
                    "5": 0.0,
                    "6": 0.0
                },
                "total_patch_num": 1189,
                "total_via_num": 1196,
                "total_violation_num": 0,
                "total_wire_length": 177.96699999999691
            }
        ],
        "SA": {
            "routing_supply_map": {
                "0": 36556,
                "1": 45480,
                "2": 51384,
                "3": 51084,