{
    "Design Information": {
        "design_name": "gcd",
        "design_version": "5.8",
        "eda_tool": "iEDA",
        "eda_version": "V23.03-OS-01",
        "flow_memory": "0.000000 MB",
        "flow_runtime": "0.000000 s",
        "flow_stage": "iDB - iEDA Database"
    },
    "Design Layout": {
        "core_area": 1926.9599999999998,
        "core_bounding_height": 43.4,
        "core_bounding_width": 44.4,
        "core_usage": 0.4099721908569336,
        "design_dbu": 1000,
        "die_area": 4155.220521,
        "die_bounding_height": 64.461,
        "die_bounding_width": 64.461,
        "die_usage": 0.19012227654457092
    },
    "Design Statis": {
        "num_instances": 618,
        "num_iopins": 58,
        "num_layers": 20,
        "num_layers_cut": 7,
        "num_layers_routing": 7,
        "num_nets": 360,
        "num_pdn": 4
    },
    "Instances": {
        "clock": {
            "area": 209.44,
            "area_ratio": 0.2193089005235602,
            "core_usage": 0.1086893344957861,
            "die_usage": 0.0504040637413862,
            "num": 34,
            "num_ratio": 0.05501618122977346,
            "pin_num": 102,
            "pin_ratio": 0.08600337268128162
        },
        "iopads": {
            "area": 0.0,
            "area_ratio": 0.0,
            "core_usage": 0.0,
            "die_usage": 0.0,
            "num": 0,
            "num_ratio": 0.0,
            "pin_num": 0,
            "pin_ratio": 0.0
        },
        "logic": {
            "area": 790.72,
            "area_ratio": 0.827979057591623,
            "core_usage": 0.4103458297006684,
            "die_usage": 0.19029555615731905,
            "num": 324,
            "num_ratio": 0.5242718446601942,
            "pin_num": 1186,
            "pin_ratio": 1.0
        },
        "macros": {
            "area": 0.0,
            "area_ratio": 0.0,
            "core_usage": 0.0,
            "die_usage": 0.0,
            "num": 0,
            "num_ratio": 0.0,
            "pin_num": 0,
            "pin_ratio": 0.0
        },
        "total": {
            "area": 955.0,
            "area_ratio": 1.0,
            "core_usage": 0.4955992859218666,
            "die_usage": 0.2298313639850259,
            "num": 618,
            "num_ratio": 1.0,
            "pin_num": 1186,
            "pin_ratio": 1.0
        }
    },
    "Layers": {
        "cut_layers": [
            {
                "layer_name": "VIA1",
                "layer_order": 8,
                "via_num": 0,
                "via_ratio": 0.0
            },
            {
                "layer_name": "VIA2",
                "layer_order": 10,
                "via_num": 0,
                "via_ratio": 0.0
            },
            {
                "layer_name": "VIA3",
                "layer_order": 12,
                "via_num": 0,
                "via_ratio": 0.0
            },
            {
                "layer_name": "VIA4",
                "layer_order": 14,
                "via_num": 18,
                "via_ratio": 1.0
            },
            {
                "layer_name": "T4V2",
                "layer_order": 16,
                "via_num": 0,
                "via_ratio": 0.0
            },
            {
                "layer_name": "RV",
                "layer_order": 18,
                "via_num": 0,
                "via_ratio": 0.0
            }
        ],
        "num_layers": 20,
        "num_layers_cut": 7,
        "num_layers_routing": 7,
        "routing_layers": [
            {
                "layer_name": "MET1",
                "layer_order": 7,
                "patch_num": 0,
                "wire_len": 0.0,
                "wire_num": 0,
                "wire_ratio": 0.0
            },
            {
                "layer_name": "MET2",
                "layer_order": 9,
                "patch_num": 0,
                "wire_len": 0.0,
                "wire_num": 0,
                "wire_ratio": 0.0
            },
            {
                "layer_name": "MET3",
                "layer_order": 11,
                "patch_num": 0,
                "wire_len": 0.0,
                "wire_num": 0,
                "wire_ratio": 0.0
            },
            {
                "layer_name": "MET4",
                "layer_order": 13,
                "patch_num": 0,
                "wire_len": 0.0,
                "wire_num": 0,
                "wire_ratio": 0.0
            },
            {
                "layer_name": "MET5",
                "layer_order": 15,
                "patch_num": 0,
                "wire_len": 0.0,
                "wire_num": 0,
                "wire_ratio": 0.0
            },
            {
                "layer_name": "T4M2",
                "layer_order": 17,
                "patch_num": 0,
                "wire_len": 0.0,
                "wire_num": 0,
                "wire_ratio": 0.0
            },
            {
                "layer_name": "RDL",
                "layer_order": 19,
                "patch_num": 0,
                "wire_len": 0.0,
                "wire_num": 0,
                "wire_ratio": 0.0
            }
        ]
    },
    "Macros": null,
    "Macros Statis": null,
    "Nets": {
        "num_clock": 1,
        "num_patch": 0,
        "num_pins": 1240,
        "num_segment": 0,
        "num_signal": 359,
        "num_total": 360,
        "num_via": 0,
        "num_wire": 0,
        "ratio_clock": null,
        "ratio_signal": null,
        "wire_len": 0.0,
        "wire_len_clock": 0.0,
        "wire_len_signal": 0.0
    },
    "Pins": {
        "max_fanout": 32,
        "pin_distribution": [
            {
                "inst_num": 294,
                "inst_ratio": 0.47572815533980584,
                "net_num": 0,
                "net_ratio": 0.0,
                "pin_num": 0
            },
            {
                "inst_num": 0,
                "inst_ratio": 0.0,
                "net_num": 0,
                "net_ratio": 0.0,
                "pin_num": 1
            },
            {
                "inst_num": 29,
                "inst_ratio": 0.04692556634304207,
                "net_num": 216,
                "net_ratio": 0.6,
                "pin_num": 2
            },
            {
                "inst_num": 134,
                "inst_ratio": 0.2168284789644013,
                "net_num": 52,
                "net_ratio": 0.14444444444444443,
                "pin_num": 3
            },
            {
                "inst_num": 82,
                "inst_ratio": 0.13268608414239483,
                "net_num": 20,
                "net_ratio": 0.05555555555555555,
                "pin_num": 4
            },
            {
                "inst_num": 76,
                "inst_ratio": 0.12297734627831715,
                "net_num": 21,
                "net_ratio": 0.058333333333333334,
                "pin_num": 5
            },
            {
                "inst_num": 3,
                "inst_ratio": 0.0048543689320388345,
                "net_num": 16,
                "net_ratio": 0.044444444444444446,
                "pin_num": 6
            },
            {
                "inst_num": 0,
                "inst_ratio": 0.0,
                "net_num": 12,
                "net_ratio": 0.03333333333333333,
                "pin_num": 7
            },
            {
                "inst_num": 0,
                "inst_ratio": 0.0,
                "net_num": 10,
                "net_ratio": 0.027777777777777776,
                "pin_num": 8
            },
            {
                "inst_num": 0,
                "inst_ratio": 0.0,
                "net_num": 2,
                "net_ratio": 0.005555555555555556,
                "pin_num": 9
            },
            {
                "inst_num": 0,
                "inst_ratio": 0.0,
                "net_num": 2,
                "net_ratio": 0.005555555555555556,
                "pin_num": 10
            },
            {
                "inst_num": 0,